library,sample,sample_type,ACE2,sort_bin,concentration,date,number_cells,R1
pool1,TiteSeq_01_bin1,TiteSeq,deer,1,1,230323,115729,/uufs/chpc.utah.edu/common/home/starr-group1/sequencing/TNS/2023/230502_Pirbright-animal-ACE2_bc/230505_VH01189_107_AACMNCTM5/230323_s1_b1_S69_R1_001.fastq.gz
pool1,TiteSeq_01_bin2,TiteSeq,deer,2,1,230323,640856,/uufs/chpc.utah.edu/common/home/starr-group1/sequencing/TNS/2023/230502_Pirbright-animal-ACE2_bc/230505_VH01189_107_AACMNCTM5/230323_s1_b2_S70_R1_001.fastq.gz
pool1,TiteSeq_01_bin3,TiteSeq,deer,3,1,230323,1625900,/uufs/chpc.utah.edu/common/home/starr-group1/sequencing/TNS/2023/230502_Pirbright-animal-ACE2_bc/230505_VH01189_107_AACMNCTM5/230323_s1_b3_S71_R1_001.fastq.gz
pool1,TiteSeq_01_bin4,TiteSeq,deer,4,1,230323,5419392,/uufs/chpc.utah.edu/common/home/starr-group1/sequencing/TNS/2023/230502_Pirbright-animal-ACE2_bc/230505_VH01189_107_AACMNCTM5/230323_s1_b4_S72_R1_001.fastq.gz
pool1,TiteSeq_02_bin1,TiteSeq,deer,1,2,230323,346478,/uufs/chpc.utah.edu/common/home/starr-group1/sequencing/TNS/2023/230502_Pirbright-animal-ACE2_bc/230505_VH01189_107_AACMNCTM5/230323_s2_b1_S73_R1_001.fastq.gz
pool1,TiteSeq_02_bin2,TiteSeq,deer,2,2,230323,698916,/uufs/chpc.utah.edu/common/home/starr-group1/sequencing/TNS/2023/230502_Pirbright-animal-ACE2_bc/230505_VH01189_107_AACMNCTM5/230323_s2_b2_S74_R1_001.fastq.gz
pool1,TiteSeq_02_bin3,TiteSeq,deer,3,2,230323,1497679,/uufs/chpc.utah.edu/common/home/starr-group1/sequencing/TNS/2023/230502_Pirbright-animal-ACE2_bc/230505_VH01189_107_AACMNCTM5/230323_s2_b3_S75_R1_001.fastq.gz
pool1,TiteSeq_02_bin4,TiteSeq,deer,4,2,230323,4170039,/uufs/chpc.utah.edu/common/home/starr-group1/sequencing/TNS/2023/230502_Pirbright-animal-ACE2_bc/230505_VH01189_107_AACMNCTM5/230323_s2_b4_S76_R1_001.fastq.gz
pool1,TiteSeq_03_bin1,TiteSeq,deer,1,3,230323,635198,/uufs/chpc.utah.edu/common/home/starr-group1/sequencing/TNS/2023/230502_Pirbright-animal-ACE2_bc/230505_VH01189_107_AACMNCTM5/230323_s3_b1_S77_R1_001.fastq.gz
pool1,TiteSeq_03_bin2,TiteSeq,deer,2,3,230323,787795,/uufs/chpc.utah.edu/common/home/starr-group1/sequencing/TNS/2023/230502_Pirbright-animal-ACE2_bc/230505_VH01189_107_AACMNCTM5/230323_s3_b2_S78_R1_001.fastq.gz
pool1,TiteSeq_03_bin3,TiteSeq,deer,3,3,230323,1982183,/uufs/chpc.utah.edu/common/home/starr-group1/sequencing/TNS/2023/230502_Pirbright-animal-ACE2_bc/230505_VH01189_107_AACMNCTM5/230323_s3_b3_S79_R1_001.fastq.gz
pool1,TiteSeq_03_bin4,TiteSeq,deer,4,3,230323,3881591,/uufs/chpc.utah.edu/common/home/starr-group1/sequencing/TNS/2023/230502_Pirbright-animal-ACE2_bc/230505_VH01189_107_AACMNCTM5/230323_s3_b4_S80_R1_001.fastq.gz
pool1,TiteSeq_04_bin1,TiteSeq,deer,1,4,230323,644107,/uufs/chpc.utah.edu/common/home/starr-group1/sequencing/TNS/2023/230502_Pirbright-animal-ACE2_bc/230505_VH01189_107_AACMNCTM5/230323_s4_b1_S81_R1_001.fastq.gz
pool1,TiteSeq_04_bin2,TiteSeq,deer,2,4,230323,849394,/uufs/chpc.utah.edu/common/home/starr-group1/sequencing/TNS/2023/230502_Pirbright-animal-ACE2_bc/230505_VH01189_107_AACMNCTM5/230323_s4_b2_S82_R1_001.fastq.gz
pool1,TiteSeq_04_bin3,TiteSeq,deer,3,4,230323,2381076,/uufs/chpc.utah.edu/common/home/starr-group1/sequencing/TNS/2023/230502_Pirbright-animal-ACE2_bc/230505_VH01189_107_AACMNCTM5/230323_s4_b3_S83_R1_001.fastq.gz
pool1,TiteSeq_04_bin4,TiteSeq,deer,4,4,230323,2632946,/uufs/chpc.utah.edu/common/home/starr-group1/sequencing/TNS/2023/230502_Pirbright-animal-ACE2_bc/230505_VH01189_107_AACMNCTM5/230323_s4_b4_S84_R1_001.fastq.gz
pool1,TiteSeq_05_bin1,TiteSeq,deer,1,5,230323,674124,/uufs/chpc.utah.edu/common/home/starr-group1/sequencing/TNS/2023/230502_Pirbright-animal-ACE2_bc/230505_VH01189_107_AACMNCTM5/230323_s5_b1_S85_R1_001.fastq.gz
pool1,TiteSeq_05_bin2,TiteSeq,deer,2,5,230323,1098680,/uufs/chpc.utah.edu/common/home/starr-group1/sequencing/TNS/2023/230502_Pirbright-animal-ACE2_bc/230505_VH01189_107_AACMNCTM5/230323_s5_b2_S86_R1_001.fastq.gz
pool1,TiteSeq_05_bin3,TiteSeq,deer,3,5,230323,2472550,/uufs/chpc.utah.edu/common/home/starr-group1/sequencing/TNS/2023/230502_Pirbright-animal-ACE2_bc/230505_VH01189_107_AACMNCTM5/230323_s5_b3_S87_R1_001.fastq.gz
pool1,TiteSeq_05_bin4,TiteSeq,deer,4,5,230323,433468,/uufs/chpc.utah.edu/common/home/starr-group1/sequencing/TNS/2023/230502_Pirbright-animal-ACE2_bc/230505_VH01189_107_AACMNCTM5/230323_s5_b4_S88_R1_001.fastq.gz
pool1,TiteSeq_06_bin1,TiteSeq,deer,1,6,230330,1513707,/uufs/chpc.utah.edu/common/home/starr-group1/sequencing/TNS/2023/230502_Pirbright-animal-ACE2_bc/230505_VH00699_306_AACMNFYM5/230330_s18_b1_S69_R1_001.fastq.gz
pool1,TiteSeq_06_bin2,TiteSeq,deer,2,6,230330,2355001,/uufs/chpc.utah.edu/common/home/starr-group1/sequencing/TNS/2023/230502_Pirbright-animal-ACE2_bc/230505_VH00699_306_AACMNFYM5/230330_s18_b2_S70_R1_001.fastq.gz
pool1,TiteSeq_06_bin3,TiteSeq,deer,3,6,230330,1286231,/uufs/chpc.utah.edu/common/home/starr-group1/sequencing/TNS/2023/230502_Pirbright-animal-ACE2_bc/230505_VH00699_306_AACMNFYM5/230330_s18_b3_S71_R1_001.fastq.gz
pool1,TiteSeq_06_bin4,TiteSeq,deer,4,6,230330,16775,/uufs/chpc.utah.edu/common/home/starr-group1/sequencing/TNS/2023/230502_Pirbright-animal-ACE2_bc/230505_VH00699_306_AACMNFYM5/230330_s18_b4_S72_R1_001.fastq.gz
pool1,TiteSeq_07_bin1,TiteSeq,deer,1,7,230323,3221682,/uufs/chpc.utah.edu/common/home/starr-group1/sequencing/TNS/2023/230502_Pirbright-animal-ACE2_bc/230505_VH01189_107_AACMNCTM5/230323_s7_b1_S89_R1_001.fastq.gz
pool1,TiteSeq_07_bin2,TiteSeq,deer,2,7,230323,1244130,/uufs/chpc.utah.edu/common/home/starr-group1/sequencing/TNS/2023/230502_Pirbright-animal-ACE2_bc/230505_VH01189_107_AACMNCTM5/230323_s7_b2_S90_R1_001.fastq.gz
pool1,TiteSeq_07_bin3,TiteSeq,deer,3,7,230323,16610,/uufs/chpc.utah.edu/common/home/starr-group1/sequencing/TNS/2023/230502_Pirbright-animal-ACE2_bc/230505_VH01189_107_AACMNCTM5/230323_s7_b3_S91_R1_001.fastq.gz
pool1,TiteSeq_07_bin4,TiteSeq,deer,4,7,230323,114,/uufs/chpc.utah.edu/common/home/starr-group1/sequencing/TNS/2023/230502_Pirbright-animal-ACE2_bc/230505_VH01189_107_AACMNCTM5/230323_s7_b4_S92_R1_001.fastq.gz
pool1,TiteSeq_08_bin1,TiteSeq,deer,1,8,230330,3727511,/uufs/chpc.utah.edu/common/home/starr-group1/sequencing/TNS/2023/230502_Pirbright-animal-ACE2_bc/230505_VH00699_306_AACMNFYM5/230330_s19_b1_S73_R1_001.fastq.gz
pool1,TiteSeq_08_bin2,TiteSeq,deer,2,8,230330,1418084,/uufs/chpc.utah.edu/common/home/starr-group1/sequencing/TNS/2023/230502_Pirbright-animal-ACE2_bc/230505_VH00699_306_AACMNFYM5/230330_s19_b2_S74_R1_001.fastq.gz
pool1,TiteSeq_08_bin3,TiteSeq,deer,3,8,230330,5065,/uufs/chpc.utah.edu/common/home/starr-group1/sequencing/TNS/2023/230502_Pirbright-animal-ACE2_bc/230505_VH00699_306_AACMNFYM5/230330_s19_b3_S75_R1_001.fastq.gz
pool1,TiteSeq_08_bin4,TiteSeq,deer,4,8,230330,682,/uufs/chpc.utah.edu/common/home/starr-group1/sequencing/TNS/2023/230502_Pirbright-animal-ACE2_bc/230505_VH00699_306_AACMNFYM5/230330_s19_b4_S76_R1_001.fastq.gz
pool1,TiteSeq_09_bin1,TiteSeq,deer,1,9,230330,4388919,/uufs/chpc.utah.edu/common/home/starr-group1/sequencing/TNS/2023/230502_Pirbright-animal-ACE2_bc/230505_VH00699_306_AACMNFYM5/230330_s9_b1_S33_R1_001.fastq.gz
pool1,TiteSeq_09_bin2,TiteSeq,deer,2,9,230330,781728,/uufs/chpc.utah.edu/common/home/starr-group1/sequencing/TNS/2023/230502_Pirbright-animal-ACE2_bc/230505_VH00699_306_AACMNFYM5/230330_s9_b2_S34_R1_001.fastq.gz
pool1,TiteSeq_09_bin3,TiteSeq,deer,3,9,230330,2000,/uufs/chpc.utah.edu/common/home/starr-group1/sequencing/TNS/2023/230502_Pirbright-animal-ACE2_bc/230505_VH00699_306_AACMNFYM5/230330_s9_b3_S35_R1_001.fastq.gz
pool1,TiteSeq_09_bin4,TiteSeq,deer,4,9,230330,355,/uufs/chpc.utah.edu/common/home/starr-group1/sequencing/TNS/2023/230502_Pirbright-animal-ACE2_bc/230505_VH00699_306_AACMNFYM5/230330_s9_b4_S36_R1_001.fastq.gz
pool1,TiteSeq_01_bin1,TiteSeq,hamster,1,1,230323,57027,/uufs/chpc.utah.edu/common/home/starr-group1/sequencing/TNS/2023/230502_Pirbright-animal-ACE2_bc/230508_VH01189_108_AACMNFFM5/230323_s10_b1_S85_R1_001.fastq.gz
pool1,TiteSeq_01_bin2,TiteSeq,hamster,2,1,230323,367475,/uufs/chpc.utah.edu/common/home/starr-group1/sequencing/TNS/2023/230502_Pirbright-animal-ACE2_bc/230508_VH01189_108_AACMNFFM5/230323_s10_b2_S86_R1_001.fastq.gz
pool1,TiteSeq_01_bin3,TiteSeq,hamster,3,1,230323,961546,/uufs/chpc.utah.edu/common/home/starr-group1/sequencing/TNS/2023/230502_Pirbright-animal-ACE2_bc/230508_VH01189_108_AACMNFFM5/230323_s10_b3_S87_R1_001.fastq.gz
pool1,TiteSeq_01_bin4,TiteSeq,hamster,4,1,230323,3712726,/uufs/chpc.utah.edu/common/home/starr-group1/sequencing/TNS/2023/230502_Pirbright-animal-ACE2_bc/230508_VH01189_108_AACMNFFM5/230323_s10_b4_S88_R1_001.fastq.gz
pool1,TiteSeq_02_bin1,TiteSeq,hamster,1,2,230323,217477,/uufs/chpc.utah.edu/common/home/starr-group1/sequencing/TNS/2023/230502_Pirbright-animal-ACE2_bc/230508_VH01189_108_AACMNFFM5/230323_s11_b1_S89_R1_001.fastq.gz
pool1,TiteSeq_02_bin2,TiteSeq,hamster,2,2,230323,444809,/uufs/chpc.utah.edu/common/home/starr-group1/sequencing/TNS/2023/230502_Pirbright-animal-ACE2_bc/230508_VH01189_108_AACMNFFM5/230323_s11_b2_S90_R1_001.fastq.gz
pool1,TiteSeq_02_bin3,TiteSeq,hamster,3,2,230323,834928,/uufs/chpc.utah.edu/common/home/starr-group1/sequencing/TNS/2023/230502_Pirbright-animal-ACE2_bc/230508_VH01189_108_AACMNFFM5/230323_s11_b3_S91_R1_001.fastq.gz
pool1,TiteSeq_02_bin4,TiteSeq,hamster,4,2,230323,3317078,/uufs/chpc.utah.edu/common/home/starr-group1/sequencing/TNS/2023/230502_Pirbright-animal-ACE2_bc/230508_VH01189_108_AACMNFFM5/230323_s11_b4_S92_R1_001.fastq.gz
pool1,TiteSeq_03_bin1,TiteSeq,hamster,1,3,230323,357346,/uufs/chpc.utah.edu/common/home/starr-group1/sequencing/TNS/2023/230502_Pirbright-animal-ACE2_bc/230508_VH01189_108_AACMNFFM5/230323_s12_b1_S93_R1_001.fastq.gz
pool1,TiteSeq_03_bin2,TiteSeq,hamster,2,3,230323,406431,/uufs/chpc.utah.edu/common/home/starr-group1/sequencing/TNS/2023/230502_Pirbright-animal-ACE2_bc/230508_VH01189_108_AACMNFFM5/230323_s12_b2_S94_R1_001.fastq.gz
pool1,TiteSeq_03_bin3,TiteSeq,hamster,3,3,230323,968043,/uufs/chpc.utah.edu/common/home/starr-group1/sequencing/TNS/2023/230502_Pirbright-animal-ACE2_bc/230508_VH01189_108_AACMNFFM5/230323_s12_b3_S95_R1_001.fastq.gz
pool1,TiteSeq_03_bin4,TiteSeq,hamster,4,3,230323,3724589,/uufs/chpc.utah.edu/common/home/starr-group1/sequencing/TNS/2023/230502_Pirbright-animal-ACE2_bc/230508_VH01189_108_AACMNFFM5/230323_s12_b4_S96_R1_001.fastq.gz
pool1,TiteSeq_04_bin1,TiteSeq,hamster,1,4,230323,432910,/uufs/chpc.utah.edu/common/home/starr-group1/sequencing/TNS/2023/230502_Pirbright-animal-ACE2_bc/230508_VH01189_108_AACMNFFM5/230323_s13_b1_S77_R1_001.fastq.gz
pool1,TiteSeq_04_bin2,TiteSeq,hamster,2,4,230323,463448,/uufs/chpc.utah.edu/common/home/starr-group1/sequencing/TNS/2023/230502_Pirbright-animal-ACE2_bc/230508_VH01189_108_AACMNFFM5/230323_s13_b2_S78_R1_001.fastq.gz
pool1,TiteSeq_04_bin3,TiteSeq,hamster,3,4,230323,1389835,/uufs/chpc.utah.edu/common/home/starr-group1/sequencing/TNS/2023/230502_Pirbright-animal-ACE2_bc/230508_VH01189_108_AACMNFFM5/230323_s13_b3_S79_R1_001.fastq.gz
pool1,TiteSeq_04_bin4,TiteSeq,hamster,4,4,230323,3567502,/uufs/chpc.utah.edu/common/home/starr-group1/sequencing/TNS/2023/230502_Pirbright-animal-ACE2_bc/230508_VH01189_108_AACMNFFM5/230323_s13_b4_S80_R1_001.fastq.gz
pool1,TiteSeq_05_bin1,TiteSeq,hamster,1,5,230323,652064,/uufs/chpc.utah.edu/common/home/starr-group1/sequencing/TNS/2023/230502_Pirbright-animal-ACE2_bc/230505_VH00699_306_AACMNFYM5/230330_s20_b1_S77_R1_001.fastq.gz
pool1,TiteSeq_05_bin2,TiteSeq,hamster,2,5,230323,567161,/uufs/chpc.utah.edu/common/home/starr-group1/sequencing/TNS/2023/230502_Pirbright-animal-ACE2_bc/230505_VH00699_306_AACMNFYM5/230330_s20_b2_S78_R1_001.fastq.gz
pool1,TiteSeq_05_bin3,TiteSeq,hamster,3,5,230323,1916421,/uufs/chpc.utah.edu/common/home/starr-group1/sequencing/TNS/2023/230502_Pirbright-animal-ACE2_bc/230505_VH00699_306_AACMNFYM5/230330_s20_b3_S79_R1_001.fastq.gz
pool1,TiteSeq_05_bin4,TiteSeq,hamster,4,5,230323,2198002,/uufs/chpc.utah.edu/common/home/starr-group1/sequencing/TNS/2023/230502_Pirbright-animal-ACE2_bc/230505_VH00699_306_AACMNFYM5/230330_s20_b4_S80_R1_001.fastq.gz
pool1,TiteSeq_06_bin1,TiteSeq,hamster,1,6,230323,726931,/uufs/chpc.utah.edu/common/home/starr-group1/sequencing/TNS/2023/230502_Pirbright-animal-ACE2_bc/230505_VH00699_306_AACMNFYM5/230330_s21_b1_S81_R1_001.fastq.gz
pool1,TiteSeq_06_bin2,TiteSeq,hamster,2,6,230323,1321518,/uufs/chpc.utah.edu/common/home/starr-group1/sequencing/TNS/2023/230502_Pirbright-animal-ACE2_bc/230505_VH00699_306_AACMNFYM5/230330_s21_b2_S82_R1_001.fastq.gz
pool1,TiteSeq_06_bin3,TiteSeq,hamster,3,6,230323,2806504,/uufs/chpc.utah.edu/common/home/starr-group1/sequencing/TNS/2023/230502_Pirbright-animal-ACE2_bc/230505_VH00699_306_AACMNFYM5/230330_s21_b3_S83_R1_001.fastq.gz
pool1,TiteSeq_06_bin4,TiteSeq,hamster,4,6,230323,374149,/uufs/chpc.utah.edu/common/home/starr-group1/sequencing/TNS/2023/230502_Pirbright-animal-ACE2_bc/230505_VH00699_306_AACMNFYM5/230330_s21_b4_S84_R1_001.fastq.gz
pool1,TiteSeq_07_bin1,TiteSeq,hamster,1,7,230323,1026156,/uufs/chpc.utah.edu/common/home/starr-group1/sequencing/TNS/2023/230502_Pirbright-animal-ACE2_bc/230508_VH01189_108_AACMNFFM5/230323_s16_b1_S81_R1_001.fastq.gz
pool1,TiteSeq_07_bin2,TiteSeq,hamster,2,7,230323,2561305,/uufs/chpc.utah.edu/common/home/starr-group1/sequencing/TNS/2023/230502_Pirbright-animal-ACE2_bc/230508_VH01189_108_AACMNFFM5/230323_s16_b2_S82_R1_001.fastq.gz
pool1,TiteSeq_07_bin3,TiteSeq,hamster,3,7,230323,914363,/uufs/chpc.utah.edu/common/home/starr-group1/sequencing/TNS/2023/230502_Pirbright-animal-ACE2_bc/230508_VH01189_108_AACMNFFM5/230323_s16_b3_S83_R1_001.fastq.gz
pool1,TiteSeq_07_bin4,TiteSeq,hamster,4,7,230323,150,/uufs/chpc.utah.edu/common/home/starr-group1/sequencing/TNS/2023/230502_Pirbright-animal-ACE2_bc/230508_VH01189_108_AACMNFFM5/230323_s16_b4_S84_R1_001.fastq.gz
pool1,TiteSeq_08_bin1,TiteSeq,hamster,1,8,230323,2715359,/uufs/chpc.utah.edu/common/home/starr-group1/sequencing/TNS/2023/230502_Pirbright-animal-ACE2_bc/230505_VH00699_306_AACMNFYM5/230330_s22_b1_S85_R1_001.fastq.gz
pool1,TiteSeq_08_bin2,TiteSeq,hamster,2,8,230323,2394048,/uufs/chpc.utah.edu/common/home/starr-group1/sequencing/TNS/2023/230502_Pirbright-animal-ACE2_bc/230505_VH00699_306_AACMNFYM5/230330_s22_b2_S86_R1_001.fastq.gz
pool1,TiteSeq_08_bin3,TiteSeq,hamster,3,8,230323,1771,/uufs/chpc.utah.edu/common/home/starr-group1/sequencing/TNS/2023/230502_Pirbright-animal-ACE2_bc/230505_VH00699_306_AACMNFYM5/230330_s22_b3_S87_R1_001.fastq.gz
pool1,TiteSeq_08_bin4,TiteSeq,hamster,4,8,230323,335,/uufs/chpc.utah.edu/common/home/starr-group1/sequencing/TNS/2023/230502_Pirbright-animal-ACE2_bc/230505_VH00699_306_AACMNFYM5/230330_s22_b4_S88_R1_001.fastq.gz
pool1,TiteSeq_09_bin1,TiteSeq,hamster,1,9,230323,4388919,/uufs/chpc.utah.edu/common/home/starr-group1/sequencing/TNS/2023/230502_Pirbright-animal-ACE2_bc/230505_VH00699_306_AACMNFYM5/230330_s9_b1_S33_R1_001.fastq.gz
pool1,TiteSeq_09_bin2,TiteSeq,hamster,2,9,230323,781728,/uufs/chpc.utah.edu/common/home/starr-group1/sequencing/TNS/2023/230502_Pirbright-animal-ACE2_bc/230505_VH00699_306_AACMNFYM5/230330_s9_b2_S34_R1_001.fastq.gz
pool1,TiteSeq_09_bin3,TiteSeq,hamster,3,9,230323,2000,/uufs/chpc.utah.edu/common/home/starr-group1/sequencing/TNS/2023/230502_Pirbright-animal-ACE2_bc/230505_VH00699_306_AACMNFYM5/230330_s9_b3_S35_R1_001.fastq.gz
pool1,TiteSeq_09_bin4,TiteSeq,hamster,4,9,230323,355,/uufs/chpc.utah.edu/common/home/starr-group1/sequencing/TNS/2023/230502_Pirbright-animal-ACE2_bc/230505_VH00699_306_AACMNFYM5/230330_s9_b4_S36_R1_001.fastq.gz
pool2,TiteSeq_01_bin1,TiteSeq,deer,1,1,230328,93095,/uufs/chpc.utah.edu/common/home/starr-group1/sequencing/TNS/2023/230502_Pirbright-animal-ACE2_bc/230505_VH01189_107_AACMNCTM5/230328_s1_b1_S1_R1_001.fastq.gz
pool2,TiteSeq_01_bin2,TiteSeq,deer,2,1,230328,488184,/uufs/chpc.utah.edu/common/home/starr-group1/sequencing/TNS/2023/230502_Pirbright-animal-ACE2_bc/230505_VH01189_107_AACMNCTM5/230328_s1_b2_S2_R1_001.fastq.gz
pool2,TiteSeq_01_bin3,TiteSeq,deer,3,1,230328,1204574,/uufs/chpc.utah.edu/common/home/starr-group1/sequencing/TNS/2023/230502_Pirbright-animal-ACE2_bc/230505_VH01189_107_AACMNCTM5/230328_s1_b3_S3_R1_001.fastq.gz
pool2,TiteSeq_01_bin4,TiteSeq,deer,4,1,230328,3587242,/uufs/chpc.utah.edu/common/home/starr-group1/sequencing/TNS/2023/230502_Pirbright-animal-ACE2_bc/230505_VH01189_107_AACMNCTM5/230328_s1_b4_S4_R1_001.fastq.gz
pool2,TiteSeq_02_bin1,TiteSeq,deer,1,2,230328,226033,/uufs/chpc.utah.edu/common/home/starr-group1/sequencing/TNS/2023/230502_Pirbright-animal-ACE2_bc/230505_VH01189_107_AACMNCTM5/230328_s2_b1_S5_R1_001.fastq.gz
pool2,TiteSeq_02_bin2,TiteSeq,deer,2,2,230328,543601,/uufs/chpc.utah.edu/common/home/starr-group1/sequencing/TNS/2023/230502_Pirbright-animal-ACE2_bc/230505_VH01189_107_AACMNCTM5/230328_s2_b2_S6_R1_001.fastq.gz
pool2,TiteSeq_02_bin3,TiteSeq,deer,3,2,230328,1267922,/uufs/chpc.utah.edu/common/home/starr-group1/sequencing/TNS/2023/230502_Pirbright-animal-ACE2_bc/230505_VH01189_107_AACMNCTM5/230328_s2_b3_S7_R1_001.fastq.gz
pool2,TiteSeq_02_bin4,TiteSeq,deer,4,2,230328,3603317,/uufs/chpc.utah.edu/common/home/starr-group1/sequencing/TNS/2023/230502_Pirbright-animal-ACE2_bc/230505_VH01189_107_AACMNCTM5/230328_s2_b4_S8_R1_001.fastq.gz
pool2,TiteSeq_03_bin1,TiteSeq,deer,1,3,230328,353681,/uufs/chpc.utah.edu/common/home/starr-group1/sequencing/TNS/2023/230502_Pirbright-animal-ACE2_bc/230505_VH01189_107_AACMNCTM5/230328_s3_b1_S9_R1_001.fastq.gz
pool2,TiteSeq_03_bin2,TiteSeq,deer,2,3,230328,525445,/uufs/chpc.utah.edu/common/home/starr-group1/sequencing/TNS/2023/230502_Pirbright-animal-ACE2_bc/230505_VH01189_107_AACMNCTM5/230328_s3_b2_S10_R1_001.fastq.gz
pool2,TiteSeq_03_bin3,TiteSeq,deer,3,3,230328,1524102,/uufs/chpc.utah.edu/common/home/starr-group1/sequencing/TNS/2023/230502_Pirbright-animal-ACE2_bc/230505_VH01189_107_AACMNCTM5/230328_s3_b3_S11_R1_001.fastq.gz
pool2,TiteSeq_03_bin4,TiteSeq,deer,4,3,230328,3149760,/uufs/chpc.utah.edu/common/home/starr-group1/sequencing/TNS/2023/230502_Pirbright-animal-ACE2_bc/230505_VH01189_107_AACMNCTM5/230328_s3_b4_S12_R1_001.fastq.gz
pool2,TiteSeq_04_bin1,TiteSeq,deer,1,4,230328,538975,/uufs/chpc.utah.edu/common/home/starr-group1/sequencing/TNS/2023/230502_Pirbright-animal-ACE2_bc/230505_VH01189_107_AACMNCTM5/230328_s4_b1_S13_R1_001.fastq.gz
pool2,TiteSeq_04_bin2,TiteSeq,deer,2,4,230328,802820,/uufs/chpc.utah.edu/common/home/starr-group1/sequencing/TNS/2023/230502_Pirbright-animal-ACE2_bc/230505_VH01189_107_AACMNCTM5/230328_s4_b2_S14_R1_001.fastq.gz
pool2,TiteSeq_04_bin3,TiteSeq,deer,3,4,230328,2241906,/uufs/chpc.utah.edu/common/home/starr-group1/sequencing/TNS/2023/230502_Pirbright-animal-ACE2_bc/230505_VH01189_107_AACMNCTM5/230328_s4_b3_S15_R1_001.fastq.gz
pool2,TiteSeq_04_bin4,TiteSeq,deer,4,4,230328,2823030,/uufs/chpc.utah.edu/common/home/starr-group1/sequencing/TNS/2023/230502_Pirbright-animal-ACE2_bc/230505_VH01189_107_AACMNCTM5/230328_s4_b4_S16_R1_001.fastq.gz
pool2,TiteSeq_05_bin1,TiteSeq,deer,1,5,230328,766152,/uufs/chpc.utah.edu/common/home/starr-group1/sequencing/TNS/2023/230502_Pirbright-animal-ACE2_bc/230505_VH01189_107_AACMNCTM5/230328_s5_b1_S17_R1_001.fastq.gz
pool2,TiteSeq_05_bin2,TiteSeq,deer,2,5,230328,1420391,/uufs/chpc.utah.edu/common/home/starr-group1/sequencing/TNS/2023/230502_Pirbright-animal-ACE2_bc/230505_VH01189_107_AACMNCTM5/230328_s5_b2_S18_R1_001.fastq.gz
pool2,TiteSeq_05_bin3,TiteSeq,deer,3,5,230328,3149273,/uufs/chpc.utah.edu/common/home/starr-group1/sequencing/TNS/2023/230502_Pirbright-animal-ACE2_bc/230505_VH01189_107_AACMNCTM5/230328_s5_b3_S19_R1_001.fastq.gz
pool2,TiteSeq_05_bin4,TiteSeq,deer,4,5,230328,646424,/uufs/chpc.utah.edu/common/home/starr-group1/sequencing/TNS/2023/230502_Pirbright-animal-ACE2_bc/230505_VH01189_107_AACMNCTM5/230328_s5_b4_S20_R1_001.fastq.gz
pool2,TiteSeq_06_bin1,TiteSeq,deer,1,6,230328,1768590,/uufs/chpc.utah.edu/common/home/starr-group1/sequencing/TNS/2023/230502_Pirbright-animal-ACE2_bc/230505_VH01189_107_AACMNCTM5/230328_s6_b1_S21_R1_001.fastq.gz
pool2,TiteSeq_06_bin2,TiteSeq,deer,2,6,230328,2805884,/uufs/chpc.utah.edu/common/home/starr-group1/sequencing/TNS/2023/230502_Pirbright-animal-ACE2_bc/230505_VH01189_107_AACMNCTM5/230328_s6_b2_S22_R1_001.fastq.gz
pool2,TiteSeq_06_bin3,TiteSeq,deer,3,6,230328,1173665,/uufs/chpc.utah.edu/common/home/starr-group1/sequencing/TNS/2023/230502_Pirbright-animal-ACE2_bc/230505_VH01189_107_AACMNCTM5/230328_s6_b3_S23_R1_001.fastq.gz
pool2,TiteSeq_06_bin4,TiteSeq,deer,4,6,230328,3066,/uufs/chpc.utah.edu/common/home/starr-group1/sequencing/TNS/2023/230502_Pirbright-animal-ACE2_bc/230505_VH01189_107_AACMNCTM5/230328_s6_b4_S24_R1_001.fastq.gz
pool2,TiteSeq_07_bin1,TiteSeq,deer,1,7,230328,3477147,/uufs/chpc.utah.edu/common/home/starr-group1/sequencing/TNS/2023/230502_Pirbright-animal-ACE2_bc/230505_VH01189_107_AACMNCTM5/230328_s7_b1_S25_R1_001.fastq.gz
pool2,TiteSeq_07_bin2,TiteSeq,deer,2,7,230328,1872042,/uufs/chpc.utah.edu/common/home/starr-group1/sequencing/TNS/2023/230502_Pirbright-animal-ACE2_bc/230505_VH01189_107_AACMNCTM5/230328_s7_b2_S26_R1_001.fastq.gz
pool2,TiteSeq_07_bin3,TiteSeq,deer,3,7,230328,17184,/uufs/chpc.utah.edu/common/home/starr-group1/sequencing/TNS/2023/230502_Pirbright-animal-ACE2_bc/230505_VH01189_107_AACMNCTM5/230328_s7_b3_S27_R1_001.fastq.gz
pool2,TiteSeq_07_bin4,TiteSeq,deer,4,7,230328,106,/uufs/chpc.utah.edu/common/home/starr-group1/sequencing/TNS/2023/230502_Pirbright-animal-ACE2_bc/230505_VH01189_107_AACMNCTM5/230328_s7_b4_S28_R1_001.fastq.gz
pool2,TiteSeq_08_bin1,TiteSeq,deer,1,8,230328,5499147,/uufs/chpc.utah.edu/common/home/starr-group1/sequencing/TNS/2023/230502_Pirbright-animal-ACE2_bc/230505_VH01189_107_AACMNCTM5/230328_s8_b1_S29_R1_001.fastq.gz
pool2,TiteSeq_08_bin2,TiteSeq,deer,2,8,230328,317348,/uufs/chpc.utah.edu/common/home/starr-group1/sequencing/TNS/2023/230502_Pirbright-animal-ACE2_bc/230505_VH01189_107_AACMNCTM5/230328_s8_b2_S30_R1_001.fastq.gz
pool2,TiteSeq_08_bin3,TiteSeq,deer,3,8,230328,941,/uufs/chpc.utah.edu/common/home/starr-group1/sequencing/TNS/2023/230502_Pirbright-animal-ACE2_bc/230505_VH01189_107_AACMNCTM5/230328_s8_b3_S31_R1_001.fastq.gz
pool2,TiteSeq_08_bin4,TiteSeq,deer,4,8,230328,40,/uufs/chpc.utah.edu/common/home/starr-group1/sequencing/TNS/2023/230502_Pirbright-animal-ACE2_bc/230505_VH01189_107_AACMNCTM5/230328_s8_b4_S32_R1_001.fastq.gz
pool2,TiteSeq_09_bin1,TiteSeq,deer,1,9,230328,5359735,/uufs/chpc.utah.edu/common/home/starr-group1/sequencing/TNS/2023/230502_Pirbright-animal-ACE2_bc/230505_VH01189_107_AACMNCTM5/230328_s9_b1_S33_R1_001.fastq.gz
pool2,TiteSeq_09_bin2,TiteSeq,deer,2,9,230328,126649,/uufs/chpc.utah.edu/common/home/starr-group1/sequencing/TNS/2023/230502_Pirbright-animal-ACE2_bc/230505_VH01189_107_AACMNCTM5/230328_s9_b2_S34_R1_001.fastq.gz
pool2,TiteSeq_09_bin3,TiteSeq,deer,3,9,230328,285,/uufs/chpc.utah.edu/common/home/starr-group1/sequencing/TNS/2023/230502_Pirbright-animal-ACE2_bc/230505_VH01189_107_AACMNCTM5/230328_s9_b3_S35_R1_001.fastq.gz
pool2,TiteSeq_09_bin4,TiteSeq,deer,4,9,230328,43,/uufs/chpc.utah.edu/common/home/starr-group1/sequencing/TNS/2023/230502_Pirbright-animal-ACE2_bc/230505_VH01189_107_AACMNCTM5/230328_s9_b4_S36_R1_001.fastq.gz
pool2,TiteSeq_01_bin1,TiteSeq,hamster,1,1,230328,61357,/uufs/chpc.utah.edu/common/home/starr-group1/sequencing/TNS/2023/230502_Pirbright-animal-ACE2_bc/230505_VH01189_107_AACMNCTM5/230328_s10_b1_S37_R1_001.fastq.gz
pool2,TiteSeq_01_bin2,TiteSeq,hamster,2,1,230328,299977,/uufs/chpc.utah.edu/common/home/starr-group1/sequencing/TNS/2023/230502_Pirbright-animal-ACE2_bc/230505_VH01189_107_AACMNCTM5/230328_s10_b2_S38_R1_001.fastq.gz
pool2,TiteSeq_01_bin3,TiteSeq,hamster,3,1,230328,732350,/uufs/chpc.utah.edu/common/home/starr-group1/sequencing/TNS/2023/230502_Pirbright-animal-ACE2_bc/230505_VH01189_107_AACMNCTM5/230328_s10_b3_S39_R1_001.fastq.gz
pool2,TiteSeq_01_bin4,TiteSeq,hamster,4,1,230328,4278725,/uufs/chpc.utah.edu/common/home/starr-group1/sequencing/TNS/2023/230502_Pirbright-animal-ACE2_bc/230505_VH01189_107_AACMNCTM5/230328_s10_b4_S40_R1_001.fastq.gz
pool2,TiteSeq_02_bin1,TiteSeq,hamster,1,2,230328,183194,/uufs/chpc.utah.edu/common/home/starr-group1/sequencing/TNS/2023/230502_Pirbright-animal-ACE2_bc/230505_VH01189_107_AACMNCTM5/230328_s11_b1_S41_R1_001.fastq.gz
pool2,TiteSeq_02_bin2,TiteSeq,hamster,2,2,230328,371026,/uufs/chpc.utah.edu/common/home/starr-group1/sequencing/TNS/2023/230502_Pirbright-animal-ACE2_bc/230505_VH01189_107_AACMNCTM5/230328_s11_b2_S42_R1_001.fastq.gz
pool2,TiteSeq_02_bin3,TiteSeq,hamster,3,2,230328,861006,/uufs/chpc.utah.edu/common/home/starr-group1/sequencing/TNS/2023/230502_Pirbright-animal-ACE2_bc/230505_VH01189_107_AACMNCTM5/230328_s11_b3_S43_R1_001.fastq.gz
pool2,TiteSeq_02_bin4,TiteSeq,hamster,4,2,230328,4010977,/uufs/chpc.utah.edu/common/home/starr-group1/sequencing/TNS/2023/230502_Pirbright-animal-ACE2_bc/230505_VH01189_107_AACMNCTM5/230328_s11_b4_S44_R1_001.fastq.gz
pool2,TiteSeq_03_bin1,TiteSeq,hamster,1,3,230328,270799,/uufs/chpc.utah.edu/common/home/starr-group1/sequencing/TNS/2023/230502_Pirbright-animal-ACE2_bc/230505_VH01189_107_AACMNCTM5/230328_s12_b1_S45_R1_001.fastq.gz
pool2,TiteSeq_03_bin2,TiteSeq,hamster,2,3,230328,318899,/uufs/chpc.utah.edu/common/home/starr-group1/sequencing/TNS/2023/230502_Pirbright-animal-ACE2_bc/230505_VH01189_107_AACMNCTM5/230328_s12_b2_S46_R1_001.fastq.gz
pool2,TiteSeq_03_bin3,TiteSeq,hamster,3,3,230328,805087,/uufs/chpc.utah.edu/common/home/starr-group1/sequencing/TNS/2023/230502_Pirbright-animal-ACE2_bc/230505_VH01189_107_AACMNCTM5/230328_s12_b3_S47_R1_001.fastq.gz
pool2,TiteSeq_03_bin4,TiteSeq,hamster,4,3,230328,3818688,/uufs/chpc.utah.edu/common/home/starr-group1/sequencing/TNS/2023/230502_Pirbright-animal-ACE2_bc/230505_VH01189_107_AACMNCTM5/230328_s12_b4_S48_R1_001.fastq.gz
pool2,TiteSeq_04_bin1,TiteSeq,hamster,1,4,230328,296933,/uufs/chpc.utah.edu/common/home/starr-group1/sequencing/TNS/2023/230502_Pirbright-animal-ACE2_bc/230505_VH01189_107_AACMNCTM5/230328_s13_b1_S49_R1_001.fastq.gz
pool2,TiteSeq_04_bin2,TiteSeq,hamster,2,4,230328,390497,/uufs/chpc.utah.edu/common/home/starr-group1/sequencing/TNS/2023/230502_Pirbright-animal-ACE2_bc/230505_VH01189_107_AACMNCTM5/230328_s13_b2_S50_R1_001.fastq.gz
pool2,TiteSeq_04_bin3,TiteSeq,hamster,3,4,230328,1295927,/uufs/chpc.utah.edu/common/home/starr-group1/sequencing/TNS/2023/230502_Pirbright-animal-ACE2_bc/230505_VH01189_107_AACMNCTM5/230328_s13_b3_S51_R1_001.fastq.gz
pool2,TiteSeq_04_bin4,TiteSeq,hamster,4,4,230328,3218429,/uufs/chpc.utah.edu/common/home/starr-group1/sequencing/TNS/2023/230502_Pirbright-animal-ACE2_bc/230505_VH01189_107_AACMNCTM5/230328_s13_b4_S52_R1_001.fastq.gz
pool2,TiteSeq_05_bin1,TiteSeq,hamster,1,5,230328,323724,/uufs/chpc.utah.edu/common/home/starr-group1/sequencing/TNS/2023/230502_Pirbright-animal-ACE2_bc/230505_VH01189_107_AACMNCTM5/230328_s14_b1_S53_R1_001.fastq.gz
pool2,TiteSeq_05_bin2,TiteSeq,hamster,2,5,230328,576115,/uufs/chpc.utah.edu/common/home/starr-group1/sequencing/TNS/2023/230502_Pirbright-animal-ACE2_bc/230505_VH01189_107_AACMNCTM5/230328_s14_b2_S54_R1_001.fastq.gz
pool2,TiteSeq_05_bin3,TiteSeq,hamster,3,5,230328,2031235,/uufs/chpc.utah.edu/common/home/starr-group1/sequencing/TNS/2023/230502_Pirbright-animal-ACE2_bc/230505_VH01189_107_AACMNCTM5/230328_s14_b3_S55_R1_001.fastq.gz
pool2,TiteSeq_05_bin4,TiteSeq,hamster,4,5,230328,2275666,/uufs/chpc.utah.edu/common/home/starr-group1/sequencing/TNS/2023/230502_Pirbright-animal-ACE2_bc/230505_VH01189_107_AACMNCTM5/230328_s14_b4_S56_R1_001.fastq.gz
pool2,TiteSeq_06_bin1,TiteSeq,hamster,1,6,230328,647427,/uufs/chpc.utah.edu/common/home/starr-group1/sequencing/TNS/2023/230502_Pirbright-animal-ACE2_bc/230505_VH01189_107_AACMNCTM5/230328_s15_b1_S57_R1_001.fastq.gz
pool2,TiteSeq_06_bin2,TiteSeq,hamster,2,6,230328,1662869,/uufs/chpc.utah.edu/common/home/starr-group1/sequencing/TNS/2023/230502_Pirbright-animal-ACE2_bc/230505_VH01189_107_AACMNCTM5/230328_s15_b2_S58_R1_001.fastq.gz
pool2,TiteSeq_06_bin3,TiteSeq,hamster,3,6,230328,3779060,/uufs/chpc.utah.edu/common/home/starr-group1/sequencing/TNS/2023/230502_Pirbright-animal-ACE2_bc/230505_VH01189_107_AACMNCTM5/230328_s15_b3_S59_R1_001.fastq.gz
pool2,TiteSeq_06_bin4,TiteSeq,hamster,4,6,230328,136383,/uufs/chpc.utah.edu/common/home/starr-group1/sequencing/TNS/2023/230502_Pirbright-animal-ACE2_bc/230505_VH01189_107_AACMNCTM5/230328_s15_b4_S60_R1_001.fastq.gz
pool2,TiteSeq_07_bin1,TiteSeq,hamster,1,7,230328,1425111,/uufs/chpc.utah.edu/common/home/starr-group1/sequencing/TNS/2023/230502_Pirbright-animal-ACE2_bc/230505_VH01189_107_AACMNCTM5/230328_s16_b1_S61_R1_001.fastq.gz
pool2,TiteSeq_07_bin2,TiteSeq,hamster,2,7,230328,3405084,/uufs/chpc.utah.edu/common/home/starr-group1/sequencing/TNS/2023/230502_Pirbright-animal-ACE2_bc/230505_VH01189_107_AACMNCTM5/230328_s16_b2_S62_R1_001.fastq.gz
pool2,TiteSeq_07_bin3,TiteSeq,hamster,3,7,230328,578562,/uufs/chpc.utah.edu/common/home/starr-group1/sequencing/TNS/2023/230502_Pirbright-animal-ACE2_bc/230505_VH01189_107_AACMNCTM5/230328_s16_b3_S63_R1_001.fastq.gz
pool2,TiteSeq_07_bin4,TiteSeq,hamster,4,7,230328,107,/uufs/chpc.utah.edu/common/home/starr-group1/sequencing/TNS/2023/230502_Pirbright-animal-ACE2_bc/230505_VH01189_107_AACMNCTM5/230328_s16_b4_S64_R1_001.fastq.gz
pool2,TiteSeq_08_bin1,TiteSeq,hamster,1,8,230328,4062579,/uufs/chpc.utah.edu/common/home/starr-group1/sequencing/TNS/2023/230502_Pirbright-animal-ACE2_bc/230505_VH01189_107_AACMNCTM5/230328_s17_b1_S65_R1_001.fastq.gz
pool2,TiteSeq_08_bin2,TiteSeq,hamster,2,8,230328,1039762,/uufs/chpc.utah.edu/common/home/starr-group1/sequencing/TNS/2023/230502_Pirbright-animal-ACE2_bc/230505_VH01189_107_AACMNCTM5/230328_s17_b2_S66_R1_001.fastq.gz
pool2,TiteSeq_08_bin3,TiteSeq,hamster,3,8,230328,255,/uufs/chpc.utah.edu/common/home/starr-group1/sequencing/TNS/2023/230502_Pirbright-animal-ACE2_bc/230505_VH01189_107_AACMNCTM5/230328_s17_b3_S67_R1_001.fastq.gz
pool2,TiteSeq_08_bin4,TiteSeq,hamster,4,8,230328,47,/uufs/chpc.utah.edu/common/home/starr-group1/sequencing/TNS/2023/230502_Pirbright-animal-ACE2_bc/230505_VH01189_107_AACMNCTM5/230328_s17_b4_S68_R1_001.fastq.gz
pool2,TiteSeq_09_bin1,TiteSeq,hamster,1,9,230328,5359735,/uufs/chpc.utah.edu/common/home/starr-group1/sequencing/TNS/2023/230502_Pirbright-animal-ACE2_bc/230505_VH01189_107_AACMNCTM5/230328_s9_b1_S33_R1_001.fastq.gz
pool2,TiteSeq_09_bin2,TiteSeq,hamster,2,9,230328,126649,/uufs/chpc.utah.edu/common/home/starr-group1/sequencing/TNS/2023/230502_Pirbright-animal-ACE2_bc/230505_VH01189_107_AACMNCTM5/230328_s9_b2_S34_R1_001.fastq.gz
pool2,TiteSeq_09_bin3,TiteSeq,hamster,3,9,230328,285,/uufs/chpc.utah.edu/common/home/starr-group1/sequencing/TNS/2023/230502_Pirbright-animal-ACE2_bc/230505_VH01189_107_AACMNCTM5/230328_s9_b3_S35_R1_001.fastq.gz
pool2,TiteSeq_09_bin4,TiteSeq,hamster,4,9,230328,43,/uufs/chpc.utah.edu/common/home/starr-group1/sequencing/TNS/2023/230502_Pirbright-animal-ACE2_bc/230505_VH01189_107_AACMNCTM5/230328_s9_b4_S36_R1_001.fastq.gz
pool1,TiteSeq_01_bin1,TiteSeq,bat,1,1,230330,31771,/uufs/chpc.utah.edu/common/home/starr-group1/sequencing/TNS/2023/230502_Pirbright-animal-ACE2_bc/230505_VH00699_306_AACMNFYM5/230330_s1_b1_S1_R1_001.fastq.gz
pool1,TiteSeq_01_bin2,TiteSeq,bat,2,1,230330,1510869,/uufs/chpc.utah.edu/common/home/starr-group1/sequencing/TNS/2023/230502_Pirbright-animal-ACE2_bc/230505_VH00699_306_AACMNFYM5/230330_s1_b2_S2_R1_001.fastq.gz
pool1,TiteSeq_01_bin3,TiteSeq,bat,3,1,230330,3043778,/uufs/chpc.utah.edu/common/home/starr-group1/sequencing/TNS/2023/230502_Pirbright-animal-ACE2_bc/230505_VH00699_306_AACMNFYM5/230330_s1_b3_S3_R1_001.fastq.gz
pool1,TiteSeq_01_bin4,TiteSeq,bat,4,1,230330,724788,/uufs/chpc.utah.edu/common/home/starr-group1/sequencing/TNS/2023/230502_Pirbright-animal-ACE2_bc/230505_VH00699_306_AACMNFYM5/230330_s1_b4_S4_R1_001.fastq.gz
pool1,TiteSeq_02_bin1,TiteSeq,bat,1,2,230330,238777,/uufs/chpc.utah.edu/common/home/starr-group1/sequencing/TNS/2023/230502_Pirbright-animal-ACE2_bc/230505_VH00699_306_AACMNFYM5/230330_s2_b1_S5_R1_001.fastq.gz
pool1,TiteSeq_02_bin2,TiteSeq,bat,2,2,230330,3030604,/uufs/chpc.utah.edu/common/home/starr-group1/sequencing/TNS/2023/230502_Pirbright-animal-ACE2_bc/230505_VH00699_306_AACMNFYM5/230330_s2_b2_S6_R1_001.fastq.gz
pool1,TiteSeq_02_bin3,TiteSeq,bat,3,2,230330,1764115,/uufs/chpc.utah.edu/common/home/starr-group1/sequencing/TNS/2023/230502_Pirbright-animal-ACE2_bc/230505_VH00699_306_AACMNFYM5/230330_s2_b3_S7_R1_001.fastq.gz
pool1,TiteSeq_02_bin4,TiteSeq,bat,4,2,230330,287132,/uufs/chpc.utah.edu/common/home/starr-group1/sequencing/TNS/2023/230502_Pirbright-animal-ACE2_bc/230505_VH00699_306_AACMNFYM5/230330_s2_b4_S8_R1_001.fastq.gz
pool1,TiteSeq_03_bin1,TiteSeq,bat,1,3,230330,2008921,/uufs/chpc.utah.edu/common/home/starr-group1/sequencing/TNS/2023/230502_Pirbright-animal-ACE2_bc/230505_VH00699_306_AACMNFYM5/230330_s3_b1_S9_R1_001.fastq.gz
pool1,TiteSeq_03_bin2,TiteSeq,bat,2,3,230330,2387854,/uufs/chpc.utah.edu/common/home/starr-group1/sequencing/TNS/2023/230502_Pirbright-animal-ACE2_bc/230505_VH00699_306_AACMNFYM5/230330_s3_b2_S10_R1_001.fastq.gz
pool1,TiteSeq_03_bin3,TiteSeq,bat,3,3,230330,770918,/uufs/chpc.utah.edu/common/home/starr-group1/sequencing/TNS/2023/230502_Pirbright-animal-ACE2_bc/230505_VH00699_306_AACMNFYM5/230330_s3_b3_S11_R1_001.fastq.gz
pool1,TiteSeq_03_bin4,TiteSeq,bat,4,3,230330,44769,/uufs/chpc.utah.edu/common/home/starr-group1/sequencing/TNS/2023/230502_Pirbright-animal-ACE2_bc/230505_VH00699_306_AACMNFYM5/230330_s3_b4_S12_R1_001.fastq.gz
pool1,TiteSeq_04_bin1,TiteSeq,bat,1,4,230330,3210317,/uufs/chpc.utah.edu/common/home/starr-group1/sequencing/TNS/2023/230502_Pirbright-animal-ACE2_bc/230505_VH00699_306_AACMNFYM5/230330_s4_b1_S13_R1_001.fastq.gz
pool1,TiteSeq_04_bin2,TiteSeq,bat,2,4,230330,1916477,/uufs/chpc.utah.edu/common/home/starr-group1/sequencing/TNS/2023/230502_Pirbright-animal-ACE2_bc/230505_VH00699_306_AACMNFYM5/230330_s4_b2_S14_R1_001.fastq.gz
pool1,TiteSeq_04_bin3,TiteSeq,bat,3,4,230330,567311,/uufs/chpc.utah.edu/common/home/starr-group1/sequencing/TNS/2023/230502_Pirbright-animal-ACE2_bc/230505_VH00699_306_AACMNFYM5/230330_s4_b3_S15_R1_001.fastq.gz
pool1,TiteSeq_04_bin4,TiteSeq,bat,4,4,230330,10889,/uufs/chpc.utah.edu/common/home/starr-group1/sequencing/TNS/2023/230502_Pirbright-animal-ACE2_bc/230505_VH00699_306_AACMNFYM5/230330_s4_b4_S16_R1_001.fastq.gz
pool1,TiteSeq_05_bin1,TiteSeq,bat,1,5,230406,4331575,/uufs/chpc.utah.edu/common/home/starr-group1/sequencing/TNS/2023/230502_Pirbright-animal-ACE2_bc/230508_VH01189_108_AACMNFFM5/230406_s17_b1_S65_R1_001.fastq.gz
pool1,TiteSeq_05_bin2,TiteSeq,bat,2,5,230406,772817,/uufs/chpc.utah.edu/common/home/starr-group1/sequencing/TNS/2023/230502_Pirbright-animal-ACE2_bc/230508_VH01189_108_AACMNFFM5/230406_s17_b2_S66_R1_001.fastq.gz
pool1,TiteSeq_05_bin3,TiteSeq,bat,3,5,230406,6746,/uufs/chpc.utah.edu/common/home/starr-group1/sequencing/TNS/2023/230502_Pirbright-animal-ACE2_bc/230508_VH01189_108_AACMNFFM5/230406_s17_b3_S67_R1_001.fastq.gz
pool1,TiteSeq_05_bin4,TiteSeq,bat,4,5,230406,1400,/uufs/chpc.utah.edu/common/home/starr-group1/sequencing/TNS/2023/230502_Pirbright-animal-ACE2_bc/230508_VH01189_108_AACMNFFM5/230406_s17_b4_S68_R1_001.fastq.gz
pool1,TiteSeq_06_bin1,TiteSeq,bat,1,6,230330,4216624,/uufs/chpc.utah.edu/common/home/starr-group1/sequencing/TNS/2023/230502_Pirbright-animal-ACE2_bc/230505_VH00699_306_AACMNFYM5/230330_s6_b1_S21_R1_001.fastq.gz
pool1,TiteSeq_06_bin2,TiteSeq,bat,2,6,230330,932083,/uufs/chpc.utah.edu/common/home/starr-group1/sequencing/TNS/2023/230502_Pirbright-animal-ACE2_bc/230505_VH00699_306_AACMNFYM5/230330_s6_b2_S22_R1_001.fastq.gz
pool1,TiteSeq_06_bin3,TiteSeq,bat,3,6,230330,9734,/uufs/chpc.utah.edu/common/home/starr-group1/sequencing/TNS/2023/230502_Pirbright-animal-ACE2_bc/230505_VH00699_306_AACMNFYM5/230330_s6_b3_S23_R1_001.fastq.gz
pool1,TiteSeq_06_bin4,TiteSeq,bat,4,6,230330,598,/uufs/chpc.utah.edu/common/home/starr-group1/sequencing/TNS/2023/230502_Pirbright-animal-ACE2_bc/230505_VH00699_306_AACMNFYM5/230330_s6_b4_S24_R1_001.fastq.gz
pool1,TiteSeq_07_bin1,TiteSeq,bat,1,7,230330,3814260,/uufs/chpc.utah.edu/common/home/starr-group1/sequencing/TNS/2023/230502_Pirbright-animal-ACE2_bc/230505_VH00699_306_AACMNFYM5/230330_s7_b1_S25_R1_001.fastq.gz
pool1,TiteSeq_07_bin2,TiteSeq,bat,2,7,230330,1389445,/uufs/chpc.utah.edu/common/home/starr-group1/sequencing/TNS/2023/230502_Pirbright-animal-ACE2_bc/230505_VH00699_306_AACMNFYM5/230330_s7_b2_S26_R1_001.fastq.gz
pool1,TiteSeq_07_bin3,TiteSeq,bat,3,7,230330,3127,/uufs/chpc.utah.edu/common/home/starr-group1/sequencing/TNS/2023/230502_Pirbright-animal-ACE2_bc/230505_VH00699_306_AACMNFYM5/230330_s7_b3_S27_R1_001.fastq.gz
pool1,TiteSeq_07_bin4,TiteSeq,bat,4,7,230330,341,/uufs/chpc.utah.edu/common/home/starr-group1/sequencing/TNS/2023/230502_Pirbright-animal-ACE2_bc/230505_VH00699_306_AACMNFYM5/230330_s7_b4_S28_R1_001.fastq.gz
pool1,TiteSeq_08_bin1,TiteSeq,bat,1,8,230330,4339122,/uufs/chpc.utah.edu/common/home/starr-group1/sequencing/TNS/2023/230502_Pirbright-animal-ACE2_bc/230505_VH00699_306_AACMNFYM5/230330_s8_b1_S29_R1_001.fastq.gz
pool1,TiteSeq_08_bin2,TiteSeq,bat,2,8,230330,820064,/uufs/chpc.utah.edu/common/home/starr-group1/sequencing/TNS/2023/230502_Pirbright-animal-ACE2_bc/230505_VH00699_306_AACMNFYM5/230330_s8_b2_S30_R1_001.fastq.gz
pool1,TiteSeq_08_bin3,TiteSeq,bat,3,8,230330,3724,/uufs/chpc.utah.edu/common/home/starr-group1/sequencing/TNS/2023/230502_Pirbright-animal-ACE2_bc/230505_VH00699_306_AACMNFYM5/230330_s8_b3_S31_R1_001.fastq.gz
pool1,TiteSeq_08_bin4,TiteSeq,bat,4,8,230330,2466,/uufs/chpc.utah.edu/common/home/starr-group1/sequencing/TNS/2023/230502_Pirbright-animal-ACE2_bc/230505_VH00699_306_AACMNFYM5/230330_s8_b4_S32_R1_001.fastq.gz
pool1,TiteSeq_09_bin1,TiteSeq,bat,1,9,230330,4388919,/uufs/chpc.utah.edu/common/home/starr-group1/sequencing/TNS/2023/230502_Pirbright-animal-ACE2_bc/230505_VH00699_306_AACMNFYM5/230330_s9_b1_S33_R1_001.fastq.gz
pool1,TiteSeq_09_bin2,TiteSeq,bat,2,9,230330,781728,/uufs/chpc.utah.edu/common/home/starr-group1/sequencing/TNS/2023/230502_Pirbright-animal-ACE2_bc/230505_VH00699_306_AACMNFYM5/230330_s9_b2_S34_R1_001.fastq.gz
pool1,TiteSeq_09_bin3,TiteSeq,bat,3,9,230330,2000,/uufs/chpc.utah.edu/common/home/starr-group1/sequencing/TNS/2023/230502_Pirbright-animal-ACE2_bc/230505_VH00699_306_AACMNFYM5/230330_s9_b3_S35_R1_001.fastq.gz
pool1,TiteSeq_09_bin4,TiteSeq,bat,4,9,230330,355,/uufs/chpc.utah.edu/common/home/starr-group1/sequencing/TNS/2023/230502_Pirbright-animal-ACE2_bc/230505_VH00699_306_AACMNFYM5/230330_s9_b4_S36_R1_001.fastq.gz
pool1,TiteSeq_01_bin1,TiteSeq,cat,1,1,230330,78107,/uufs/chpc.utah.edu/common/home/starr-group1/sequencing/TNS/2023/230502_Pirbright-animal-ACE2_bc/230505_VH00699_306_AACMNFYM5/230330_s10_b1_S37_R1_001.fastq.gz
pool1,TiteSeq_01_bin2,TiteSeq,cat,2,1,230330,535407,/uufs/chpc.utah.edu/common/home/starr-group1/sequencing/TNS/2023/230502_Pirbright-animal-ACE2_bc/230505_VH00699_306_AACMNFYM5/230330_s10_b2_S38_R1_001.fastq.gz
pool1,TiteSeq_01_bin3,TiteSeq,cat,3,1,230330,1906629,/uufs/chpc.utah.edu/common/home/starr-group1/sequencing/TNS/2023/230502_Pirbright-animal-ACE2_bc/230505_VH00699_306_AACMNFYM5/230330_s10_b3_S39_R1_001.fastq.gz
pool1,TiteSeq_01_bin4,TiteSeq,cat,4,1,230330,2739382,/uufs/chpc.utah.edu/common/home/starr-group1/sequencing/TNS/2023/230502_Pirbright-animal-ACE2_bc/230505_VH00699_306_AACMNFYM5/230330_s10_b4_S40_R1_001.fastq.gz
pool1,TiteSeq_02_bin1,TiteSeq,cat,1,2,230330,617369,/uufs/chpc.utah.edu/common/home/starr-group1/sequencing/TNS/2023/230502_Pirbright-animal-ACE2_bc/230505_VH00699_306_AACMNFYM5/230330_s11_b1_S41_R1_001.fastq.gz
pool1,TiteSeq_02_bin2,TiteSeq,cat,2,2,230330,843466,/uufs/chpc.utah.edu/common/home/starr-group1/sequencing/TNS/2023/230502_Pirbright-animal-ACE2_bc/230505_VH00699_306_AACMNFYM5/230330_s11_b2_S42_R1_001.fastq.gz
pool1,TiteSeq_02_bin3,TiteSeq,cat,3,2,230330,1211882,/uufs/chpc.utah.edu/common/home/starr-group1/sequencing/TNS/2023/230502_Pirbright-animal-ACE2_bc/230505_VH00699_306_AACMNFYM5/230330_s11_b3_S43_R1_001.fastq.gz
pool1,TiteSeq_02_bin4,TiteSeq,cat,4,2,230330,2605980,/uufs/chpc.utah.edu/common/home/starr-group1/sequencing/TNS/2023/230502_Pirbright-animal-ACE2_bc/230505_VH00699_306_AACMNFYM5/230330_s11_b4_S44_R1_001.fastq.gz
pool1,TiteSeq_03_bin1,TiteSeq,cat,1,3,230330,1338833,/uufs/chpc.utah.edu/common/home/starr-group1/sequencing/TNS/2023/230502_Pirbright-animal-ACE2_bc/230505_VH00699_306_AACMNFYM5/230330_s12_b1_S45_R1_001.fastq.gz
pool1,TiteSeq_03_bin2,TiteSeq,cat,2,3,230330,921412,/uufs/chpc.utah.edu/common/home/starr-group1/sequencing/TNS/2023/230502_Pirbright-animal-ACE2_bc/230505_VH00699_306_AACMNFYM5/230330_s12_b2_S46_R1_001.fastq.gz
pool1,TiteSeq_03_bin3,TiteSeq,cat,3,3,230330,1289138,/uufs/chpc.utah.edu/common/home/starr-group1/sequencing/TNS/2023/230502_Pirbright-animal-ACE2_bc/230505_VH00699_306_AACMNFYM5/230330_s12_b3_S47_R1_001.fastq.gz
pool1,TiteSeq_03_bin4,TiteSeq,cat,4,3,230330,2264440,/uufs/chpc.utah.edu/common/home/starr-group1/sequencing/TNS/2023/230502_Pirbright-animal-ACE2_bc/230505_VH00699_306_AACMNFYM5/230330_s12_b4_S48_R1_001.fastq.gz
pool1,TiteSeq_04_bin1,TiteSeq,cat,1,4,230330,1401110,/uufs/chpc.utah.edu/common/home/starr-group1/sequencing/TNS/2023/230502_Pirbright-animal-ACE2_bc/230505_VH00699_306_AACMNFYM5/230330_s13_b1_S49_R1_001.fastq.gz
pool1,TiteSeq_04_bin2,TiteSeq,cat,2,4,230330,786154,/uufs/chpc.utah.edu/common/home/starr-group1/sequencing/TNS/2023/230502_Pirbright-animal-ACE2_bc/230505_VH00699_306_AACMNFYM5/230330_s13_b2_S50_R1_001.fastq.gz
pool1,TiteSeq_04_bin3,TiteSeq,cat,3,4,230330,1441255,/uufs/chpc.utah.edu/common/home/starr-group1/sequencing/TNS/2023/230502_Pirbright-animal-ACE2_bc/230505_VH00699_306_AACMNFYM5/230330_s13_b3_S51_R1_001.fastq.gz
pool1,TiteSeq_04_bin4,TiteSeq,cat,4,4,230330,1683191,/uufs/chpc.utah.edu/common/home/starr-group1/sequencing/TNS/2023/230502_Pirbright-animal-ACE2_bc/230505_VH00699_306_AACMNFYM5/230330_s13_b4_S52_R1_001.fastq.gz
pool1,TiteSeq_05_bin1,TiteSeq,cat,1,5,230330,1567456,/uufs/chpc.utah.edu/common/home/starr-group1/sequencing/TNS/2023/230502_Pirbright-animal-ACE2_bc/230505_VH00699_306_AACMNFYM5/230330_s14_b1_S53_R1_001.fastq.gz
pool1,TiteSeq_05_bin2,TiteSeq,cat,2,5,230330,1265801,/uufs/chpc.utah.edu/common/home/starr-group1/sequencing/TNS/2023/230502_Pirbright-animal-ACE2_bc/230505_VH00699_306_AACMNFYM5/230330_s14_b2_S54_R1_001.fastq.gz
pool1,TiteSeq_05_bin3,TiteSeq,cat,3,5,230330,2259837,/uufs/chpc.utah.edu/common/home/starr-group1/sequencing/TNS/2023/230502_Pirbright-animal-ACE2_bc/230505_VH00699_306_AACMNFYM5/230330_s14_b3_S55_R1_001.fastq.gz
pool1,TiteSeq_05_bin4,TiteSeq,cat,4,5,230330,405253,/uufs/chpc.utah.edu/common/home/starr-group1/sequencing/TNS/2023/230502_Pirbright-animal-ACE2_bc/230505_VH00699_306_AACMNFYM5/230330_s14_b4_S56_R1_001.fastq.gz
pool1,TiteSeq_06_bin1,TiteSeq,cat,1,6,230330,1951317,/uufs/chpc.utah.edu/common/home/starr-group1/sequencing/TNS/2023/230502_Pirbright-animal-ACE2_bc/230505_VH00699_306_AACMNFYM5/230330_s15_b1_S57_R1_001.fastq.gz
pool1,TiteSeq_06_bin2,TiteSeq,cat,2,6,230330,2241857,/uufs/chpc.utah.edu/common/home/starr-group1/sequencing/TNS/2023/230502_Pirbright-animal-ACE2_bc/230505_VH00699_306_AACMNFYM5/230330_s15_b2_S58_R1_001.fastq.gz
pool1,TiteSeq_06_bin3,TiteSeq,cat,3,6,230330,938261,/uufs/chpc.utah.edu/common/home/starr-group1/sequencing/TNS/2023/230502_Pirbright-animal-ACE2_bc/230505_VH00699_306_AACMNFYM5/230330_s15_b3_S59_R1_001.fastq.gz
pool1,TiteSeq_06_bin4,TiteSeq,cat,4,6,230330,1840,/uufs/chpc.utah.edu/common/home/starr-group1/sequencing/TNS/2023/230502_Pirbright-animal-ACE2_bc/230505_VH00699_306_AACMNFYM5/230330_s15_b4_S60_R1_001.fastq.gz
pool1,TiteSeq_07_bin1,TiteSeq,cat,1,7,230330,3165162,/uufs/chpc.utah.edu/common/home/starr-group1/sequencing/TNS/2023/230502_Pirbright-animal-ACE2_bc/230505_VH00699_306_AACMNFYM5/230330_s16_b1_S61_R1_001.fastq.gz
pool1,TiteSeq_07_bin2,TiteSeq,cat,2,7,230330,1930678,/uufs/chpc.utah.edu/common/home/starr-group1/sequencing/TNS/2023/230502_Pirbright-animal-ACE2_bc/230505_VH00699_306_AACMNFYM5/230330_s16_b2_S62_R1_001.fastq.gz
pool1,TiteSeq_07_bin3,TiteSeq,cat,3,7,230330,9792,/uufs/chpc.utah.edu/common/home/starr-group1/sequencing/TNS/2023/230502_Pirbright-animal-ACE2_bc/230505_VH00699_306_AACMNFYM5/230330_s16_b3_S63_R1_001.fastq.gz
pool1,TiteSeq_07_bin4,TiteSeq,cat,4,7,230330,715,/uufs/chpc.utah.edu/common/home/starr-group1/sequencing/TNS/2023/230502_Pirbright-animal-ACE2_bc/230505_VH00699_306_AACMNFYM5/230330_s16_b4_S64_R1_001.fastq.gz
pool1,TiteSeq_08_bin1,TiteSeq,cat,1,8,230330,4235351,/uufs/chpc.utah.edu/common/home/starr-group1/sequencing/TNS/2023/230502_Pirbright-animal-ACE2_bc/230505_VH00699_306_AACMNFYM5/230330_s17_b1_S65_R1_001.fastq.gz
pool1,TiteSeq_08_bin2,TiteSeq,cat,2,8,230330,995992,/uufs/chpc.utah.edu/common/home/starr-group1/sequencing/TNS/2023/230502_Pirbright-animal-ACE2_bc/230505_VH00699_306_AACMNFYM5/230330_s17_b2_S66_R1_001.fastq.gz
pool1,TiteSeq_08_bin3,TiteSeq,cat,3,8,230330,1205,/uufs/chpc.utah.edu/common/home/starr-group1/sequencing/TNS/2023/230502_Pirbright-animal-ACE2_bc/230505_VH00699_306_AACMNFYM5/230330_s17_b3_S67_R1_001.fastq.gz
pool1,TiteSeq_08_bin4,TiteSeq,cat,4,8,230330,277,/uufs/chpc.utah.edu/common/home/starr-group1/sequencing/TNS/2023/230502_Pirbright-animal-ACE2_bc/230505_VH00699_306_AACMNFYM5/230330_s17_b4_S68_R1_001.fastq.gz
pool1,TiteSeq_09_bin1,TiteSeq,cat,1,9,230330,4388919,/uufs/chpc.utah.edu/common/home/starr-group1/sequencing/TNS/2023/230502_Pirbright-animal-ACE2_bc/230505_VH00699_306_AACMNFYM5/230330_s9_b1_S33_R1_001.fastq.gz
pool1,TiteSeq_09_bin2,TiteSeq,cat,2,9,230330,781728,/uufs/chpc.utah.edu/common/home/starr-group1/sequencing/TNS/2023/230502_Pirbright-animal-ACE2_bc/230505_VH00699_306_AACMNFYM5/230330_s9_b2_S34_R1_001.fastq.gz
pool1,TiteSeq_09_bin3,TiteSeq,cat,3,9,230330,2000,/uufs/chpc.utah.edu/common/home/starr-group1/sequencing/TNS/2023/230502_Pirbright-animal-ACE2_bc/230505_VH00699_306_AACMNFYM5/230330_s9_b3_S35_R1_001.fastq.gz
pool1,TiteSeq_09_bin4,TiteSeq,cat,4,9,230330,355,/uufs/chpc.utah.edu/common/home/starr-group1/sequencing/TNS/2023/230502_Pirbright-animal-ACE2_bc/230505_VH00699_306_AACMNFYM5/230330_s9_b4_S36_R1_001.fastq.gz
pool2,TiteSeq_01_bin1,TiteSeq,bat,1,1,230406,141695,/uufs/chpc.utah.edu/common/home/starr-group1/sequencing/TNS/2023/230502_Pirbright-animal-ACE2_bc/230508_VH01189_108_AACMNFFM5/230406_s1_b1_S1_R1_001.fastq.gz
pool2,TiteSeq_01_bin2,TiteSeq,bat,2,1,230406,2819088,/uufs/chpc.utah.edu/common/home/starr-group1/sequencing/TNS/2023/230502_Pirbright-animal-ACE2_bc/230508_VH01189_108_AACMNFFM5/230406_s1_b2_S2_R1_001.fastq.gz
pool2,TiteSeq_01_bin3,TiteSeq,bat,3,1,230406,1865035,/uufs/chpc.utah.edu/common/home/starr-group1/sequencing/TNS/2023/230502_Pirbright-animal-ACE2_bc/230508_VH01189_108_AACMNFFM5/230406_s1_b3_S3_R1_001.fastq.gz
pool2,TiteSeq_01_bin4,TiteSeq,bat,4,1,230406,550573,/uufs/chpc.utah.edu/common/home/starr-group1/sequencing/TNS/2023/230502_Pirbright-animal-ACE2_bc/230508_VH01189_108_AACMNFFM5/230406_s1_b4_S4_R1_001.fastq.gz
pool2,TiteSeq_02_bin1,TiteSeq,bat,1,2,230406,1069065,/uufs/chpc.utah.edu/common/home/starr-group1/sequencing/TNS/2023/230502_Pirbright-animal-ACE2_bc/230508_VH01189_108_AACMNFFM5/230406_s2_b1_S5_R1_001.fastq.gz
pool2,TiteSeq_02_bin2,TiteSeq,bat,2,2,230406,3069458,/uufs/chpc.utah.edu/common/home/starr-group1/sequencing/TNS/2023/230502_Pirbright-animal-ACE2_bc/230508_VH01189_108_AACMNFFM5/230406_s2_b2_S6_R1_001.fastq.gz
pool2,TiteSeq_02_bin3,TiteSeq,bat,3,2,230406,1006370,/uufs/chpc.utah.edu/common/home/starr-group1/sequencing/TNS/2023/230502_Pirbright-animal-ACE2_bc/230508_VH01189_108_AACMNFFM5/230406_s2_b3_S7_R1_001.fastq.gz
pool2,TiteSeq_02_bin4,TiteSeq,bat,4,2,230406,280854,/uufs/chpc.utah.edu/common/home/starr-group1/sequencing/TNS/2023/230502_Pirbright-animal-ACE2_bc/230508_VH01189_108_AACMNFFM5/230406_s2_b4_S8_R1_001.fastq.gz
pool2,TiteSeq_03_bin1,TiteSeq,bat,1,3,230406,3701389,/uufs/chpc.utah.edu/common/home/starr-group1/sequencing/TNS/2023/230502_Pirbright-animal-ACE2_bc/230508_VH01189_108_AACMNFFM5/230406_s3_b1_S9_R1_001.fastq.gz
pool2,TiteSeq_03_bin2,TiteSeq,bat,2,3,230406,1065457,/uufs/chpc.utah.edu/common/home/starr-group1/sequencing/TNS/2023/230502_Pirbright-animal-ACE2_bc/230508_VH01189_108_AACMNFFM5/230406_s3_b2_S10_R1_001.fastq.gz
pool2,TiteSeq_03_bin3,TiteSeq,bat,3,3,230406,756291,/uufs/chpc.utah.edu/common/home/starr-group1/sequencing/TNS/2023/230502_Pirbright-animal-ACE2_bc/230508_VH01189_108_AACMNFFM5/230406_s3_b3_S11_R1_001.fastq.gz
pool2,TiteSeq_03_bin4,TiteSeq,bat,4,3,230406,35987,/uufs/chpc.utah.edu/common/home/starr-group1/sequencing/TNS/2023/230502_Pirbright-animal-ACE2_bc/230508_VH01189_108_AACMNFFM5/230406_s3_b4_S12_R1_001.fastq.gz
pool2,TiteSeq_04_bin1,TiteSeq,bat,1,4,230406,3613706,/uufs/chpc.utah.edu/common/home/starr-group1/sequencing/TNS/2023/230502_Pirbright-animal-ACE2_bc/230508_VH01189_108_AACMNFFM5/230406_s4_b1_S13_R1_001.fastq.gz
pool2,TiteSeq_04_bin2,TiteSeq,bat,2,4,230406,1113193,/uufs/chpc.utah.edu/common/home/starr-group1/sequencing/TNS/2023/230502_Pirbright-animal-ACE2_bc/230508_VH01189_108_AACMNFFM5/230406_s4_b2_S14_R1_001.fastq.gz
pool2,TiteSeq_04_bin3,TiteSeq,bat,3,4,230406,436879,/uufs/chpc.utah.edu/common/home/starr-group1/sequencing/TNS/2023/230502_Pirbright-animal-ACE2_bc/230508_VH01189_108_AACMNFFM5/230406_s4_b3_S15_R1_001.fastq.gz
pool2,TiteSeq_04_bin4,TiteSeq,bat,4,4,230406,12500,/uufs/chpc.utah.edu/common/home/starr-group1/sequencing/TNS/2023/230502_Pirbright-animal-ACE2_bc/230508_VH01189_108_AACMNFFM5/230406_s4_b4_S16_R1_001.fastq.gz
pool2,TiteSeq_05_bin1,TiteSeq,bat,1,5,230406,4475421,/uufs/chpc.utah.edu/common/home/starr-group1/sequencing/TNS/2023/230502_Pirbright-animal-ACE2_bc/230508_VH01189_108_AACMNFFM5/230406_s5_b1_S17_R1_001.fastq.gz
pool2,TiteSeq_05_bin2,TiteSeq,bat,2,5,230406,925106,/uufs/chpc.utah.edu/common/home/starr-group1/sequencing/TNS/2023/230502_Pirbright-animal-ACE2_bc/230508_VH01189_108_AACMNFFM5/230406_s5_b2_S18_R1_001.fastq.gz
pool2,TiteSeq_05_bin3,TiteSeq,bat,3,5,230406,5340,/uufs/chpc.utah.edu/common/home/starr-group1/sequencing/TNS/2023/230502_Pirbright-animal-ACE2_bc/230508_VH01189_108_AACMNFFM5/230406_s5_b3_S19_R1_001.fastq.gz
pool2,TiteSeq_05_bin4,TiteSeq,bat,4,5,230406,889,/uufs/chpc.utah.edu/common/home/starr-group1/sequencing/TNS/2023/230502_Pirbright-animal-ACE2_bc/230508_VH01189_108_AACMNFFM5/230406_s5_b4_S20_R1_001.fastq.gz
pool2,TiteSeq_06_bin1,TiteSeq,bat,1,6,230406,4751387,/uufs/chpc.utah.edu/common/home/starr-group1/sequencing/TNS/2023/230502_Pirbright-animal-ACE2_bc/230508_VH01189_108_AACMNFFM5/230406_s6_b1_S21_R1_001.fastq.gz
pool2,TiteSeq_06_bin2,TiteSeq,bat,2,6,230406,351548,/uufs/chpc.utah.edu/common/home/starr-group1/sequencing/TNS/2023/230502_Pirbright-animal-ACE2_bc/230508_VH01189_108_AACMNFFM5/230406_s6_b2_S22_R1_001.fastq.gz
pool2,TiteSeq_06_bin3,TiteSeq,bat,3,6,230406,1406,/uufs/chpc.utah.edu/common/home/starr-group1/sequencing/TNS/2023/230502_Pirbright-animal-ACE2_bc/230508_VH01189_108_AACMNFFM5/230406_s6_b3_S23_R1_001.fastq.gz
pool2,TiteSeq_06_bin4,TiteSeq,bat,4,6,230406,52,/uufs/chpc.utah.edu/common/home/starr-group1/sequencing/TNS/2023/230502_Pirbright-animal-ACE2_bc/230508_VH01189_108_AACMNFFM5/230406_s6_b4_S24_R1_001.fastq.gz
pool2,TiteSeq_07_bin1,TiteSeq,bat,1,7,230406,5140383,/uufs/chpc.utah.edu/common/home/starr-group1/sequencing/TNS/2023/230502_Pirbright-animal-ACE2_bc/230508_VH01189_108_AACMNFFM5/230406_s7_b1_S25_R1_001.fastq.gz
pool2,TiteSeq_07_bin2,TiteSeq,bat,2,7,230406,319548,/uufs/chpc.utah.edu/common/home/starr-group1/sequencing/TNS/2023/230502_Pirbright-animal-ACE2_bc/230508_VH01189_108_AACMNFFM5/230406_s7_b2_S26_R1_001.fastq.gz
pool2,TiteSeq_07_bin3,TiteSeq,bat,3,7,230406,632,/uufs/chpc.utah.edu/common/home/starr-group1/sequencing/TNS/2023/230502_Pirbright-animal-ACE2_bc/230508_VH01189_108_AACMNFFM5/230406_s7_b3_S27_R1_001.fastq.gz
pool2,TiteSeq_07_bin4,TiteSeq,bat,4,7,230406,23,/uufs/chpc.utah.edu/common/home/starr-group1/sequencing/TNS/2023/230502_Pirbright-animal-ACE2_bc/230508_VH01189_108_AACMNFFM5/230406_s7_b4_S28_R1_001.fastq.gz
pool2,TiteSeq_08_bin1,TiteSeq,bat,1,8,230406,4818816,/uufs/chpc.utah.edu/common/home/starr-group1/sequencing/TNS/2023/230502_Pirbright-animal-ACE2_bc/230508_VH01189_108_AACMNFFM5/230406_s8_b1_S29_R1_001.fastq.gz
pool2,TiteSeq_08_bin2,TiteSeq,bat,2,8,230406,281276,/uufs/chpc.utah.edu/common/home/starr-group1/sequencing/TNS/2023/230502_Pirbright-animal-ACE2_bc/230508_VH01189_108_AACMNFFM5/230406_s8_b2_S30_R1_001.fastq.gz
pool2,TiteSeq_08_bin3,TiteSeq,bat,3,8,230406,198,/uufs/chpc.utah.edu/common/home/starr-group1/sequencing/TNS/2023/230502_Pirbright-animal-ACE2_bc/230508_VH01189_108_AACMNFFM5/230406_s8_b3_S31_R1_001.fastq.gz
pool2,TiteSeq_08_bin4,TiteSeq,bat,4,8,230406,10,/uufs/chpc.utah.edu/common/home/starr-group1/sequencing/TNS/2023/230502_Pirbright-animal-ACE2_bc/230508_VH01189_108_AACMNFFM5/230406_s8_b4_S32_R1_001.fastq.gz
pool2,TiteSeq_09_bin1,TiteSeq,bat,1,9,230406,4661862,/uufs/chpc.utah.edu/common/home/starr-group1/sequencing/TNS/2023/230502_Pirbright-animal-ACE2_bc/230508_VH01189_108_AACMNFFM5/230406_s18_b1_S69_R1_001.fastq.gz
pool2,TiteSeq_09_bin2,TiteSeq,bat,2,9,230406,440008,/uufs/chpc.utah.edu/common/home/starr-group1/sequencing/TNS/2023/230502_Pirbright-animal-ACE2_bc/230508_VH01189_108_AACMNFFM5/230406_s18_b2_S70_R1_001.fastq.gz
pool2,TiteSeq_09_bin3,TiteSeq,bat,3,9,230406,269,/uufs/chpc.utah.edu/common/home/starr-group1/sequencing/TNS/2023/230502_Pirbright-animal-ACE2_bc/230508_VH01189_108_AACMNFFM5/230406_s18_b3_S71_R1_001.fastq.gz
pool2,TiteSeq_09_bin4,TiteSeq,bat,4,9,230406,10,/uufs/chpc.utah.edu/common/home/starr-group1/sequencing/TNS/2023/230502_Pirbright-animal-ACE2_bc/230508_VH01189_108_AACMNFFM5/230406_s18_b4_S72_R1_001.fastq.gz
pool2,TiteSeq_01_bin1,TiteSeq,cat,1,1,230406,342360,/uufs/chpc.utah.edu/common/home/starr-group1/sequencing/TNS/2023/230502_Pirbright-animal-ACE2_bc/230508_VH01189_108_AACMNFFM5/230406_s9_b1_S33_R1_001.fastq.gz
pool2,TiteSeq_01_bin2,TiteSeq,cat,2,1,230406,1025480,/uufs/chpc.utah.edu/common/home/starr-group1/sequencing/TNS/2023/230502_Pirbright-animal-ACE2_bc/230508_VH01189_108_AACMNFFM5/230406_s9_b2_S34_R1_001.fastq.gz
pool2,TiteSeq_01_bin3,TiteSeq,cat,3,1,230406,1750709,/uufs/chpc.utah.edu/common/home/starr-group1/sequencing/TNS/2023/230502_Pirbright-animal-ACE2_bc/230508_VH01189_108_AACMNFFM5/230406_s9_b3_S35_R1_001.fastq.gz
pool2,TiteSeq_01_bin4,TiteSeq,cat,4,1,230406,2239921,/uufs/chpc.utah.edu/common/home/starr-group1/sequencing/TNS/2023/230502_Pirbright-animal-ACE2_bc/230508_VH01189_108_AACMNFFM5/230406_s9_b4_S36_R1_001.fastq.gz
pool2,TiteSeq_02_bin1,TiteSeq,cat,1,2,230406,1022301,/uufs/chpc.utah.edu/common/home/starr-group1/sequencing/TNS/2023/230502_Pirbright-animal-ACE2_bc/230508_VH01189_108_AACMNFFM5/230406_s10_b1_S37_R1_001.fastq.gz
pool2,TiteSeq_02_bin2,TiteSeq,cat,2,2,230406,960167,/uufs/chpc.utah.edu/common/home/starr-group1/sequencing/TNS/2023/230502_Pirbright-animal-ACE2_bc/230508_VH01189_108_AACMNFFM5/230406_s10_b2_S38_R1_001.fastq.gz
pool2,TiteSeq_02_bin3,TiteSeq,cat,3,2,230406,976189,/uufs/chpc.utah.edu/common/home/starr-group1/sequencing/TNS/2023/230502_Pirbright-animal-ACE2_bc/230508_VH01189_108_AACMNFFM5/230406_s10_b3_S39_R1_001.fastq.gz
pool2,TiteSeq_02_bin4,TiteSeq,cat,4,2,230406,2267971,/uufs/chpc.utah.edu/common/home/starr-group1/sequencing/TNS/2023/230502_Pirbright-animal-ACE2_bc/230508_VH01189_108_AACMNFFM5/230406_s10_b4_S40_R1_001.fastq.gz
pool2,TiteSeq_03_bin1,TiteSeq,cat,1,3,230406,1808787,/uufs/chpc.utah.edu/common/home/starr-group1/sequencing/TNS/2023/230502_Pirbright-animal-ACE2_bc/230508_VH01189_108_AACMNFFM5/230406_s11_b1_S41_R1_001.fastq.gz
pool2,TiteSeq_03_bin2,TiteSeq,cat,2,3,230406,617247,/uufs/chpc.utah.edu/common/home/starr-group1/sequencing/TNS/2023/230502_Pirbright-animal-ACE2_bc/230508_VH01189_108_AACMNFFM5/230406_s11_b2_S42_R1_001.fastq.gz
pool2,TiteSeq_03_bin3,TiteSeq,cat,3,3,230406,1126447,/uufs/chpc.utah.edu/common/home/starr-group1/sequencing/TNS/2023/230502_Pirbright-animal-ACE2_bc/230508_VH01189_108_AACMNFFM5/230406_s11_b3_S43_R1_001.fastq.gz
pool2,TiteSeq_03_bin4,TiteSeq,cat,4,3,230406,1867530,/uufs/chpc.utah.edu/common/home/starr-group1/sequencing/TNS/2023/230502_Pirbright-animal-ACE2_bc/230508_VH01189_108_AACMNFFM5/230406_s11_b4_S44_R1_001.fastq.gz
pool2,TiteSeq_04_bin1,TiteSeq,cat,1,4,230406,1553898,/uufs/chpc.utah.edu/common/home/starr-group1/sequencing/TNS/2023/230502_Pirbright-animal-ACE2_bc/230508_VH01189_108_AACMNFFM5/230406_s12_b1_S45_R1_001.fastq.gz
pool2,TiteSeq_04_bin2,TiteSeq,cat,2,4,230406,838300,/uufs/chpc.utah.edu/common/home/starr-group1/sequencing/TNS/2023/230502_Pirbright-animal-ACE2_bc/230508_VH01189_108_AACMNFFM5/230406_s12_b2_S46_R1_001.fastq.gz
pool2,TiteSeq_04_bin3,TiteSeq,cat,3,4,230406,1288959,/uufs/chpc.utah.edu/common/home/starr-group1/sequencing/TNS/2023/230502_Pirbright-animal-ACE2_bc/230508_VH01189_108_AACMNFFM5/230406_s12_b3_S47_R1_001.fastq.gz
pool2,TiteSeq_04_bin4,TiteSeq,cat,4,4,230406,1516817,/uufs/chpc.utah.edu/common/home/starr-group1/sequencing/TNS/2023/230502_Pirbright-animal-ACE2_bc/230508_VH01189_108_AACMNFFM5/230406_s12_b4_S48_R1_001.fastq.gz
pool2,TiteSeq_05_bin1,TiteSeq,cat,1,5,230406,1603641,/uufs/chpc.utah.edu/common/home/starr-group1/sequencing/TNS/2023/230502_Pirbright-animal-ACE2_bc/230508_VH01189_108_AACMNFFM5/230406_s13_b1_S49_R1_001.fastq.gz
pool2,TiteSeq_05_bin2,TiteSeq,cat,2,5,230406,1298803,/uufs/chpc.utah.edu/common/home/starr-group1/sequencing/TNS/2023/230502_Pirbright-animal-ACE2_bc/230508_VH01189_108_AACMNFFM5/230406_s13_b2_S50_R1_001.fastq.gz
pool2,TiteSeq_05_bin3,TiteSeq,cat,3,5,230406,2013292,/uufs/chpc.utah.edu/common/home/starr-group1/sequencing/TNS/2023/230502_Pirbright-animal-ACE2_bc/230508_VH01189_108_AACMNFFM5/230406_s13_b3_S51_R1_001.fastq.gz
pool2,TiteSeq_05_bin4,TiteSeq,cat,4,5,230406,333502,/uufs/chpc.utah.edu/common/home/starr-group1/sequencing/TNS/2023/230502_Pirbright-animal-ACE2_bc/230508_VH01189_108_AACMNFFM5/230406_s13_b4_S52_R1_001.fastq.gz
pool2,TiteSeq_06_bin1,TiteSeq,cat,1,6,230406,2676394,/uufs/chpc.utah.edu/common/home/starr-group1/sequencing/TNS/2023/230502_Pirbright-animal-ACE2_bc/230508_VH01189_108_AACMNFFM5/230406_s14_b1_S53_R1_001.fastq.gz
pool2,TiteSeq_06_bin2,TiteSeq,cat,2,6,230406,2329883,/uufs/chpc.utah.edu/common/home/starr-group1/sequencing/TNS/2023/230502_Pirbright-animal-ACE2_bc/230508_VH01189_108_AACMNFFM5/230406_s14_b2_S54_R1_001.fastq.gz
pool2,TiteSeq_06_bin3,TiteSeq,cat,3,6,230406,865687,/uufs/chpc.utah.edu/common/home/starr-group1/sequencing/TNS/2023/230502_Pirbright-animal-ACE2_bc/230508_VH01189_108_AACMNFFM5/230406_s14_b3_S55_R1_001.fastq.gz
pool2,TiteSeq_06_bin4,TiteSeq,cat,4,6,230406,406,/uufs/chpc.utah.edu/common/home/starr-group1/sequencing/TNS/2023/230502_Pirbright-animal-ACE2_bc/230508_VH01189_108_AACMNFFM5/230406_s14_b4_S56_R1_001.fastq.gz
pool2,TiteSeq_07_bin1,TiteSeq,cat,1,7,230406,3613030,/uufs/chpc.utah.edu/common/home/starr-group1/sequencing/TNS/2023/230502_Pirbright-animal-ACE2_bc/230508_VH01189_108_AACMNFFM5/230406_s15_b1_S57_R1_001.fastq.gz
pool2,TiteSeq_07_bin2,TiteSeq,cat,2,7,230406,1446431,/uufs/chpc.utah.edu/common/home/starr-group1/sequencing/TNS/2023/230502_Pirbright-animal-ACE2_bc/230508_VH01189_108_AACMNFFM5/230406_s15_b2_S58_R1_001.fastq.gz
pool2,TiteSeq_07_bin3,TiteSeq,cat,3,7,230406,3404,/uufs/chpc.utah.edu/common/home/starr-group1/sequencing/TNS/2023/230502_Pirbright-animal-ACE2_bc/230508_VH01189_108_AACMNFFM5/230406_s15_b3_S59_R1_001.fastq.gz
pool2,TiteSeq_07_bin4,TiteSeq,cat,4,7,230406,17,/uufs/chpc.utah.edu/common/home/starr-group1/sequencing/TNS/2023/230502_Pirbright-animal-ACE2_bc/230508_VH01189_108_AACMNFFM5/230406_s15_b4_S60_R1_001.fastq.gz
pool2,TiteSeq_08_bin1,TiteSeq,cat,1,8,230406,4719733,/uufs/chpc.utah.edu/common/home/starr-group1/sequencing/TNS/2023/230502_Pirbright-animal-ACE2_bc/230508_VH01189_108_AACMNFFM5/230406_s16_b1_S61_R1_001.fastq.gz
pool2,TiteSeq_08_bin2,TiteSeq,cat,2,8,230406,401269,/uufs/chpc.utah.edu/common/home/starr-group1/sequencing/TNS/2023/230502_Pirbright-animal-ACE2_bc/230508_VH01189_108_AACMNFFM5/230406_s16_b2_S62_R1_001.fastq.gz
pool2,TiteSeq_08_bin3,TiteSeq,cat,3,8,230406,340,/uufs/chpc.utah.edu/common/home/starr-group1/sequencing/TNS/2023/230502_Pirbright-animal-ACE2_bc/230508_VH01189_108_AACMNFFM5/230406_s16_b3_S63_R1_001.fastq.gz
pool2,TiteSeq_08_bin4,TiteSeq,cat,4,8,230406,9,/uufs/chpc.utah.edu/common/home/starr-group1/sequencing/TNS/2023/230502_Pirbright-animal-ACE2_bc/230508_VH01189_108_AACMNFFM5/230406_s16_b4_S64_R1_001.fastq.gz
pool2,TiteSeq_09_bin1,TiteSeq,cat,1,9,230406,4661862,/uufs/chpc.utah.edu/common/home/starr-group1/sequencing/TNS/2023/230502_Pirbright-animal-ACE2_bc/230508_VH01189_108_AACMNFFM5/230406_s18_b1_S69_R1_001.fastq.gz
pool2,TiteSeq_09_bin2,TiteSeq,cat,2,9,230406,440008,/uufs/chpc.utah.edu/common/home/starr-group1/sequencing/TNS/2023/230502_Pirbright-animal-ACE2_bc/230508_VH01189_108_AACMNFFM5/230406_s18_b2_S70_R1_001.fastq.gz
pool2,TiteSeq_09_bin3,TiteSeq,cat,3,9,230406,269,/uufs/chpc.utah.edu/common/home/starr-group1/sequencing/TNS/2023/230502_Pirbright-animal-ACE2_bc/230508_VH01189_108_AACMNFFM5/230406_s18_b3_S71_R1_001.fastq.gz
pool2,TiteSeq_09_bin4,TiteSeq,cat,4,9,230406,10,/uufs/chpc.utah.edu/common/home/starr-group1/sequencing/TNS/2023/230502_Pirbright-animal-ACE2_bc/230508_VH01189_108_AACMNFFM5/230406_s18_b4_S72_R1_001.fastq.gz